"","seeds","plants"
"season 1",3941.91220406004,0
"season 2",1189.27491196491,74.9967450345804
"season 3",3.86307395997889,342.301130167242
